DROP DATABASE IF EXISTS `oilwhere_test`;
CREATE DATABASE IF NOT EXISTS `oilwhere_test` DEFAULT CHARACTER SET utf8 COLLATE utf8_general_ci;
USE `oilwhere_test`;

-- Creation of Customer table to hold details about customer, including their name and email address
DROP TABLE IF EXISTS `customer`;
CREATE TABLE IF NOT EXISTS `customer` (
  `customer_id` BIGINT NOT NULL AUTO_INCREMENT,
  `name` varchar(32) NOT NULL,
  `email` varchar(255),
  PRIMARY KEY (`customer_id`)
) ENGINE=InnoDB DEFAULT CHARSET=utf8;

-- Creation of purchase_history table
DROP TABLE IF EXISTS `purchase_history`;
CREATE TABLE IF NOT EXISTS `purchase_history` (
  `purchase_id` BIGINT NOT NULL AUTO_INCREMENT,
  `sale_date` date NOT NULL,
  `sale_type` varchar(255),
  `digital`  varchar(255),
  `customer_id` BIGINT NOT NULL,
  `zipcode` int(6),
  `shipping_method` varchar(255),
  `product` varchar(255),
  `variant` int NOT NULL,
  `quantity` int NOT NULL,
  `price` decimal(10,2) NOT NULL,
  `product_price` decimal(10,2) NOT NULL,
  PRIMARY KEY (`purchase_id`),
  FOREIGN KEY (`customer_id`) REFERENCES `customer`(`customer_id`)
) ENGINE=InnoDB DEFAULT CHARSET=utf8;

-- Creation of user table
DROP TABLE IF EXISTS `user`;
CREATE TABLE IF NOT EXISTS `user` (
  `user_id` BIGINT NOT NULL AUTO_INCREMENT,
  `username` varchar(255) NOT NULL,
  `role` varchar(32) NOT NULL,
  `password` varchar(32) NOT NULL,
  PRIMARY KEY (`user_id`)
) ENGINE=InnoDB DEFAULT CHARSET=utf8;

-- Creation of NewsLetter table
DROP TABLE IF EXISTS `newsletter`;
CREATE TABLE IF NOT EXISTS `newsletter` (
  `design_id` BIGINT NOT NULL AUTO_INCREMENT,
  `name` varchar(32) NOT NULL,
  `content` text NOT NULL,
  `user_id` BIGINT NOT NULL,
  PRIMARY KEY (`design_id`),
  FOREIGN KEY (`user_id`) REFERENCES `user`(`user_id`)
) ENGINE=InnoDB DEFAULT CHARSET=utf8;

-- Create a new table to store the customer by total spending
DROP TABLE IF EXISTS `customer_spending_ranked`;
CREATE TABLE IF NOT EXISTS `customer_spending_ranked` (
  `customer_id` BIGINT NOT NULL,
  `total_spending` DECIMAL(10, 2) NOT NULL,
  PRIMARY KEY (`customer_id`)
) ENGINE=InnoDB DEFAULT CHARSET=utf8;

-- Manually inserting customer details into customer table
-- Please edit this to add or remove customer details
INSERT INTO `customer` (`customer_id`, `name`, `email`) VALUES
(1, 'John', 'timptestingoop@gmail.com'),
(2, 'John', 'timptestingoop@gmail.com'),
(3, 'John', 'timptestingoop@gmail.com'),
(4, 'John', 'timptestingoop@gmail.com'),
(5, 'John', 'timptestingoop@gmail.com'),
(6, 'John', 'timptestingoop@gmail.com'),
(7, 'John', 'timptestingoop@gmail.com'),
(8, 'John', 'timptestingoop@gmail.com'),
(36, 'John', 'timptestingoop@gmail.com'),
(65, 'John', 'timptestingoop@gmail.com');

-- Manually inserting purchase history into purchase_history table
-- Please edit this to add or remove purchase history details
INSERT INTO `purchase_history` (`purchase_id`, `sale_date`, `sale_type`, `digital`, `customer_id`, `zipcode`, `shipping_method`, `product`, `variant`, `quantity`, `price`, `product_price`) VALUES
(1, '2019-11-22', 'Direct - B2B', 'Online - Website', 1, '437050', 'Standard Delivery', 'Chili oil', 100, 3, 5.9, 17.7),
(2, '2019-11-22', 'Consignment', 'Online - Website', 2, '126793', 'Standard Delivery', 'Organic Bio/Olio', 500, 2, 16.9, 33.8),
(3, '2019-11-22', 'Marketing', 'Online - Website', 2, '126793', 'Standard Delivery', 'Basil oil', 100, 1, 5.9, 5.9),
(4, '2019-11-23', 'Direct - B2C', 'Online - Website', 65, '101080', 'Standard Delivery', 'Truffle oil', 100, 1, 7.9, 6.32),
(5, '2019-12-17', 'Direct - B2C', 'Online - Website', 36, '608531', 'Standard Delivery', 'Limited Edition Gift box 3x100ml', 2020, 2, 19.9, 39.8),
(6, '2019-12-17', 'Direct - B2C', 'Online - Website', 3, '608531', 'Standard Delivery', 'Limited Edition Gift box 3x100ml', 2020, 2, 19.9, 39.8),
(7, '2019-12-17', 'Direct - B2C', 'Online - Website', 4, '608531', 'Standard Delivery', 'Limited Edition Gift box 3x100ml', 2020, 2, 19.9, 39.8),
(8, '2019-12-17', 'Direct - B2C', 'Online - Website', 5, '608531', 'Standard Delivery', 'Limited Edition Gift box 3x100ml', 2020, 2, 19.9, 39.8),
(9, '2019-12-17', 'Direct - B2C', 'Online - Website', 6, '608531', 'Standard Delivery', 'Limited Edition Gift box 3x100ml', 2020, 2, 19.9, 39.8),
(10, '2019-12-17', 'Direct - B2C', 'Online - Website', 7, '608531', 'Standard Delivery', 'Limited Edition Gift box 3x100ml', 2020, 2, 19.9, 39.8),
(11, '2019-12-17', 'Direct - B2C', 'Online - Website', 8, '608531', 'Standard Delivery', 'Limited Edition Gift box 3x100ml', 2020, 2, 19.9, 39.8);

-- Load the customer_spending_ranked table to get details of each customer and their total spending 
INSERT INTO `customer_spending_ranked` (`customer_id`, `total_spending`)
SELECT `customer_id`, SUM(`product_price`) AS `total_spending`
FROM `purchase_history`
GROUP BY `customer_id`;

-- Manually inserting user details into user table
-- Please edit this to add or remove user accounts
INSERT INTO `user` (`username`, `role`, `password`) VALUES
('marketing', 'MARKETING', '123'),
('sales', 'SALES', '123'),
('admin', 'ADMIN', '123');

-- Manually inserting to newsletter table
-- Please edit this to add or remove newsletter templates
INSERT INTO `newsletter` (`name`, `content`, `user_id`) VALUES
('Blog + Promotion', '{\"counters\":{\"u_content_text\":5,\"u_column\":14,\"u_row\":10,\"u_content_heading\":3,\"u_content_html\":4,\"u_content_image\":4,\"u_content_social\":1,\"u_content_button\":1},\"body\":{\"id\":\"JN6gDYx_B3\",\"rows\":[{\"id\":\"2-FQOLNYv4\",\"cells\":[1,2],\"columns\":[{\"id\":\"iaQDs-5j0t\",\"contents\":[{\"id\":\"GksvJTx1es\",\"type\":\"image\",\"values\":{\"containerPadding\":\"10px\",\"anchor\":\"\",\"src\":{\"url\":\"https://assets.unlayer.com/projects/0/1730901563546-Timperio_logo.png\",\"width\":562,\"height\":285},\"textAlign\":\"center\",\"altText\":\"\",\"action\":{\"name\":\"web\",\"values\":{\"href\":\"\",\"target\":\"_blank\"}},\"hideDesktop\":false,\"displayCondition\":null,\"_styleGuide\":null,\"_meta\":{\"htmlID\":\"u_content_image_2\",\"htmlClassNames\":\"u_content_image\"},\"selectable\":true,\"draggable\":true,\"duplicatable\":true,\"deletable\":true,\"hideable\":true,\"pending\":false}}],\"values\":{\"backgroundColor\":\"\",\"padding\":\"0px\",\"border\":{},\"borderRadius\":\"0px\",\"_meta\":{\"htmlID\":\"u_column_6\",\"htmlClassNames\":\"u_column\"}}},{\"id\":\"cQ2hV4IKe_\",\"contents\":[],\"values\":{\"backgroundColor\":\"\",\"padding\":\"0px\",\"border\":{},\"borderRadius\":\"0px\",\"_meta\":{\"htmlID\":\"u_column_7\",\"htmlClassNames\":\"u_column\"}}}],\"values\":{\"displayCondition\":null,\"columns\":false,\"_styleGuide\":null,\"backgroundColor\":\"\",\"columnsBackgroundColor\":\"\",\"backgroundImage\":{\"url\":\"\",\"fullWidth\":true,\"repeat\":\"no-repeat\",\"size\":\"custom\",\"position\":\"center\"},\"padding\":\"0px\",\"anchor\":\"\",\"hideDesktop\":false,\"_meta\":{\"htmlID\":\"u_row_4\",\"htmlClassNames\":\"u_row\"},\"selectable\":true,\"draggable\":true,\"duplicatable\":true,\"deletable\":true,\"hideable\":true}},{\"id\":\"N6HC_mEUBd\",\"cells\":[1],\"columns\":[{\"id\":\"zpSFpMQVJL\",\"contents\":[{\"id\":\"6nwKJTqzEz\",\"type\":\"text\",\"values\":{\"containerPadding\":\"10px\",\"anchor\":\"\",\"fontSize\":\"14px\",\"textAlign\":\"left\",\"lineHeight\":\"140%\",\"linkStyle\":{\"inherit\":true,\"linkColor\":\"#0000ee\",\"linkHoverColor\":\"#0000ee\",\"linkUnderline\":true,\"linkHoverUnderline\":true},\"hideDesktop\":false,\"displayCondition\":null,\"_styleGuide\":null,\"_meta\":{\"htmlID\":\"u_content_text_3\",\"htmlClassNames\":\"u_content_text\"},\"selectable\":true,\"draggable\":true,\"duplicatable\":true,\"deletable\":true,\"hideable\":true,\"text\":\"<p style=\\\"line-height: 140%;\\\">Dear &lt;name&gt;,</p>\\n<p style=\\\"line-height: 140%;\\\"> </p>\\n<p style=\\\"line-height: 140%;\\\">At Timperio, we believe that quality is at the heart of every great dish. That’s why our olive oils are crafted with passion, care, and a dedication to excellence.</p>\",\"_languages\":{}}}],\"values\":{\"backgroundColor\":\"\",\"padding\":\"0px\",\"border\":{},\"borderRadius\":\"0px\",\"_meta\":{\"htmlID\":\"u_column_11\",\"htmlClassNames\":\"u_column\"}}}],\"values\":{\"displayCondition\":null,\"columns\":false,\"_styleGuide\":null,\"backgroundColor\":\"\",\"columnsBackgroundColor\":\"\",\"backgroundImage\":{\"url\":\"\",\"fullWidth\":true,\"repeat\":\"no-repeat\",\"size\":\"custom\",\"position\":\"center\"},\"padding\":\"0px\",\"anchor\":\"\",\"hideDesktop\":false,\"_meta\":{\"htmlID\":\"u_row_8\",\"htmlClassNames\":\"u_row\"},\"selectable\":true,\"draggable\":true,\"duplicatable\":true,\"deletable\":true,\"hideable\":true}},{\"id\":\"RFEsDrG-8k\",\"cells\":[1],\"columns\":[{\"id\":\"UoqvSyt5KM\",\"contents\":[{\"id\":\"iU0Z1f-pEV\",\"type\":\"heading\",\"values\":{\"containerPadding\":\"10px\",\"anchor\":\"\",\"headingType\":\"h4\",\"fontSize\":\"16px\",\"color\":\"#169179\",\"textAlign\":\"center\",\"lineHeight\":\"140%\",\"linkStyle\":{\"inherit\":true,\"linkColor\":\"#0000ee\",\"linkHoverColor\":\"#0000ee\",\"linkUnderline\":true,\"linkHoverUnderline\":true},\"hideDesktop\":false,\"displayCondition\":null,\"_styleGuide\":null,\"_meta\":{\"htmlID\":\"u_content_heading_3\",\"htmlClassNames\":\"u_content_heading\"},\"selectable\":true,\"draggable\":true,\"duplicatable\":true,\"deletable\":true,\"hideable\":true,\"text\":\"<strong>LIMITED TIME ONLY</strong>\",\"_languages\":{}}}],\"values\":{\"backgroundColor\":\"\",\"padding\":\"0px\",\"border\":{},\"borderRadius\":\"0px\",\"_meta\":{\"htmlID\":\"u_column_12\",\"htmlClassNames\":\"u_column\"}}}],\"values\":{\"displayCondition\":null,\"columns\":false,\"_styleGuide\":null,\"backgroundColor\":\"\",\"columnsBackgroundColor\":\"\",\"backgroundImage\":{\"url\":\"\",\"fullWidth\":true,\"repeat\":\"no-repeat\",\"size\":\"custom\",\"position\":\"center\"},\"padding\":\"0px\",\"anchor\":\"\",\"hideDesktop\":false,\"_meta\":{\"htmlID\":\"u_row_9\",\"htmlClassNames\":\"u_row\"},\"selectable\":true,\"draggable\":true,\"duplicatable\":true,\"deletable\":true,\"hideable\":true}},{\"id\":\"8jOIUQm3xr\",\"cells\":[1],\"columns\":[{\"id\":\"xwaDxWjbOl\",\"contents\":[{\"id\":\"XP15B8XAEc\",\"type\":\"image\",\"values\":{\"containerPadding\":\"10px\",\"anchor\":\"\",\"src\":{\"url\":\"https://assets.unlayer.com/projects/0/1732034163945-sales.jpeg\",\"width\":1920,\"height\":640,\"contentType\":\"image/jpeg\",\"size\":335350},\"textAlign\":\"center\",\"altText\":\"\",\"action\":{\"name\":\"web\",\"values\":{\"href\":\"\",\"target\":\"_blank\"}},\"hideDesktop\":false,\"displayCondition\":null,\"_styleGuide\":null,\"_meta\":{\"htmlID\":\"u_content_image_4\",\"htmlClassNames\":\"u_content_image\"},\"selectable\":true,\"draggable\":true,\"duplicatable\":true,\"deletable\":true,\"hideable\":true,\"pending\":false}}],\"values\":{\"backgroundColor\":\"\",\"padding\":\"0px\",\"border\":{},\"borderRadius\":\"0px\",\"_meta\":{\"htmlID\":\"u_column_13\",\"htmlClassNames\":\"u_column\"}}}],\"values\":{\"displayCondition\":null,\"columns\":false,\"_styleGuide\":null,\"backgroundColor\":\"\",\"columnsBackgroundColor\":\"\",\"backgroundImage\":{\"url\":\"\",\"fullWidth\":true,\"repeat\":\"no-repeat\",\"size\":\"custom\",\"position\":\"center\"},\"padding\":\"0px\",\"anchor\":\"\",\"hideDesktop\":false,\"_meta\":{\"htmlID\":\"u_row_10\",\"htmlClassNames\":\"u_row\"},\"selectable\":true,\"draggable\":true,\"duplicatable\":true,\"deletable\":true,\"hideable\":true}},{\"id\":\"EigDiyUFOf\",\"cells\":[1],\"columns\":[{\"id\":\"7NdVBcFPMF\",\"contents\":[{\"id\":\"hnssOH8gVs\",\"type\":\"button\",\"values\":{\"href\":{\"name\":\"web\",\"values\":{\"href\":\"\",\"target\":\"_blank\"}},\"buttonColors\":{\"color\":\"#FFFFFF\",\"backgroundColor\":\"#3AAEE0\",\"hoverColor\":\"#FFFFFF\",\"hoverBackgroundColor\":\"#3AAEE0\"},\"size\":{\"autoWidth\":true,\"width\":\"100%\"},\"fontSize\":\"14px\",\"lineHeight\":\"120%\",\"textAlign\":\"center\",\"padding\":\"10px 20px\",\"border\":{},\"borderRadius\":\"4px\",\"hideDesktop\":false,\"displayCondition\":null,\"_styleGuide\":null,\"containerPadding\":\"10px\",\"anchor\":\"\",\"_meta\":{\"htmlID\":\"u_content_button_1\",\"htmlClassNames\":\"u_content_button\"},\"selectable\":true,\"draggable\":true,\"duplicatable\":true,\"deletable\":true,\"hideable\":true,\"text\":\"<span style=\\\"line-height: 16.8px;\\\">Shop now</span>\",\"_languages\":{},\"calculatedWidth\":102,\"calculatedHeight\":37}},{\"id\":\"j96c-BZkXc\",\"type\":\"text\",\"values\":{\"containerPadding\":\"10px\",\"anchor\":\"\",\"fontSize\":\"14px\",\"textAlign\":\"left\",\"lineHeight\":\"140%\",\"linkStyle\":{\"inherit\":true,\"linkColor\":\"#0000ee\",\"linkHoverColor\":\"#0000ee\",\"linkUnderline\":true,\"linkHoverUnderline\":true},\"hideDesktop\":false,\"displayCondition\":null,\"_styleGuide\":null,\"_meta\":{\"htmlID\":\"u_content_text_5\",\"htmlClassNames\":\"u_content_text\"},\"selectable\":true,\"draggable\":true,\"duplicatable\":true,\"deletable\":true,\"hideable\":true,\"text\":\"<p style=\\\"line-height: 140%;\\\"><span style=\\\"color: #169179; line-height: 19.6px;\\\"><strong>Our blog series</strong></span></p>\",\"_languages\":{}}},{\"id\":\"nQyfkppTbB\",\"type\":\"image\",\"values\":{\"containerPadding\":\"10px\",\"anchor\":\"\",\"src\":{\"url\":\"https://assets.unlayer.com/projects/0/1730901259900-timperio.co.png\",\"width\":1200,\"height\":628},\"textAlign\":\"center\",\"altText\":\"\",\"action\":{\"name\":\"web\",\"values\":{\"href\":\"https://www.timperio.co/blogs/our-blogs\",\"target\":\"_blank\"},\"attrs\":{\"href\":\"{{href}}\",\"target\":\"{{target}}\"}},\"hideDesktop\":false,\"displayCondition\":null,\"_styleGuide\":null,\"_meta\":{\"htmlID\":\"u_content_image_3\",\"htmlClassNames\":\"u_content_image\"},\"selectable\":true,\"draggable\":true,\"duplicatable\":true,\"deletable\":true,\"hideable\":true,\"pending\":false}},{\"id\":\"a00wKSwIEb\",\"type\":\"social\",\"values\":{\"containerPadding\":\"10px\",\"anchor\":\"\",\"icons\":{\"iconType\":\"circle\",\"icons\":[{\"name\":\"Facebook\",\"url\":\"https://www.facebook.com/Timperioasia/\"},{\"name\":\"Instagram\",\"url\":\"https://www.instagram.com/timperioasia\"}],\"editor\":{\"data\":{\"showDefaultIcons\":true,\"showDefaultOptions\":true,\"customIcons\":[],\"customOptions\":[]}}},\"align\":\"center\",\"iconSize\":32,\"spacing\":5,\"hideDesktop\":false,\"displayCondition\":null,\"_styleGuide\":null,\"_meta\":{\"htmlID\":\"u_content_social_1\",\"htmlClassNames\":\"u_content_social\"},\"selectable\":true,\"draggable\":true,\"duplicatable\":true,\"deletable\":true,\"hideable\":true}}],\"values\":{\"backgroundColor\":\"\",\"padding\":\"0px\",\"border\":{},\"borderRadius\":\"0px\",\"_meta\":{\"htmlID\":\"u_column_8\",\"htmlClassNames\":\"u_column\"}}}],\"values\":{\"displayCondition\":null,\"columns\":false,\"_styleGuide\":null,\"backgroundColor\":\"\",\"columnsBackgroundColor\":\"\",\"backgroundImage\":{\"url\":\"\",\"fullWidth\":true,\"repeat\":\"no-repeat\",\"size\":\"custom\",\"position\":\"center\"},\"padding\":\"0px\",\"anchor\":\"\",\"hideDesktop\":false,\"_meta\":{\"htmlID\":\"u_row_5\",\"htmlClassNames\":\"u_row\"},\"selectable\":true,\"draggable\":true,\"duplicatable\":true,\"deletable\":true,\"hideable\":true}},{\"id\":\"qootZ85mnC\",\"cells\":[1],\"columns\":[{\"id\":\"becIOiCAtu\",\"contents\":[{\"id\":\"d4-xrEKNoP\",\"type\":\"text\",\"values\":{\"containerPadding\":\"10px\",\"anchor\":\"\",\"fontSize\":\"14px\",\"textAlign\":\"center\",\"lineHeight\":\"140%\",\"linkStyle\":{\"inherit\":true,\"linkColor\":\"#0000ee\",\"linkHoverColor\":\"#0000ee\",\"linkUnderline\":true,\"linkHoverUnderline\":true},\"hideDesktop\":false,\"displayCondition\":null,\"_styleGuide\":null,\"_meta\":{\"htmlID\":\"u_content_text_4\",\"htmlClassNames\":\"u_content_text\"},\"selectable\":true,\"draggable\":true,\"duplicatable\":true,\"deletable\":true,\"hideable\":true,\"text\":\"<p style=\\\"line-height: 140%;\\\"><em>Copyright @ 2024 Timperio Snc</em></p>\",\"_languages\":{}}}],\"values\":{\"backgroundColor\":\"\",\"padding\":\"0px\",\"border\":{},\"borderRadius\":\"0px\",\"_meta\":{\"htmlID\":\"u_column_10\",\"htmlClassNames\":\"u_column\"}}}],\"values\":{\"displayCondition\":null,\"columns\":false,\"_styleGuide\":null,\"backgroundColor\":\"\",\"columnsBackgroundColor\":\"\",\"backgroundImage\":{\"url\":\"\",\"fullWidth\":true,\"repeat\":\"no-repeat\",\"size\":\"custom\",\"position\":\"center\"},\"padding\":\"0px\",\"anchor\":\"\",\"hideDesktop\":false,\"_meta\":{\"htmlID\":\"u_row_7\",\"htmlClassNames\":\"u_row\"},\"selectable\":true,\"draggable\":true,\"duplicatable\":true,\"deletable\":true,\"hideable\":true}}],\"headers\":[],\"footers\":[],\"values\":{\"_styleGuide\":null,\"popupPosition\":\"center\",\"popupWidth\":\"600px\",\"popupHeight\":\"auto\",\"borderRadius\":\"10px\",\"contentAlign\":\"center\",\"contentVerticalAlign\":\"center\",\"contentWidth\":\"500px\",\"fontFamily\":{\"label\":\"Arial\",\"value\":\"arial,helvetica,sans-serif\"},\"textColor\":\"#000000\",\"popupBackgroundColor\":\"#FFFFFF\",\"popupBackgroundImage\":{\"url\":\"\",\"fullWidth\":true,\"repeat\":\"no-repeat\",\"size\":\"cover\",\"position\":\"center\"},\"popupOverlay_backgroundColor\":\"rgba(0, 0, 0, 0.1)\",\"popupCloseButton_position\":\"top-right\",\"popupCloseButton_backgroundColor\":\"#DDDDDD\",\"popupCloseButton_iconColor\":\"#000000\",\"popupCloseButton_borderRadius\":\"0px\",\"popupCloseButton_margin\":\"0px\",\"popupCloseButton_action\":{\"name\":\"close_popup\",\"attrs\":{\"onClick\":\"document.querySelector(\'.u-popup-container\').style.display = \'none\';\"}},\"language\":{},\"backgroundColor\":\"#F7F8F9\",\"preheaderText\":\"\",\"linkStyle\":{\"body\":true,\"linkColor\":\"#0000ee\",\"linkHoverColor\":\"#0000ee\",\"linkUnderline\":true,\"linkHoverUnderline\":true},\"backgroundImage\":{\"url\":\"\",\"fullWidth\":true,\"repeat\":\"no-repeat\",\"size\":\"custom\",\"position\":\"center\"},\"_meta\":{\"htmlID\":\"u_body\",\"htmlClassNames\":\"u_body\"}}},\"schemaVersion\":17}', 3);
INSERT INTO `newsletter` (`name`, `content`, `user_id`) VALUES
('Christmas', '{\"counters\":{\"u_content_text\":5,\"u_column\":14,\"u_row\":10,\"u_content_heading\":3,\"u_content_html\":4,\"u_content_image\":4,\"u_content_social\":1,\"u_content_button\":1},\"body\":{\"id\":\"JN6gDYx_B3\",\"rows\":[{\"id\":\"2-FQOLNYv4\",\"cells\":[1,2],\"columns\":[{\"id\":\"iaQDs-5j0t\",\"contents\":[{\"id\":\"GksvJTx1es\",\"type\":\"image\",\"values\":{\"containerPadding\":\"10px\",\"anchor\":\"\",\"src\":{\"url\":\"https://assets.unlayer.com/projects/0/1730901563546-Timperio_logo.png\",\"width\":562,\"height\":285},\"textAlign\":\"center\",\"altText\":\"\",\"action\":{\"name\":\"web\",\"values\":{\"href\":\"\",\"target\":\"_blank\"}},\"hideDesktop\":false,\"displayCondition\":null,\"_styleGuide\":null,\"_meta\":{\"htmlID\":\"u_content_image_2\",\"htmlClassNames\":\"u_content_image\"},\"selectable\":true,\"draggable\":true,\"duplicatable\":true,\"deletable\":true,\"hideable\":true,\"pending\":false}}],\"values\":{\"backgroundColor\":\"\",\"padding\":\"0px\",\"border\":{},\"borderRadius\":\"0px\",\"_meta\":{\"htmlID\":\"u_column_6\",\"htmlClassNames\":\"u_column\"}}},{\"id\":\"cQ2hV4IKe_\",\"contents\":[],\"values\":{\"backgroundColor\":\"\",\"padding\":\"0px\",\"border\":{},\"borderRadius\":\"0px\",\"_meta\":{\"htmlID\":\"u_column_7\",\"htmlClassNames\":\"u_column\"}}}],\"values\":{\"displayCondition\":null,\"columns\":false,\"_styleGuide\":null,\"backgroundColor\":\"\",\"columnsBackgroundColor\":\"\",\"backgroundImage\":{\"url\":\"\",\"fullWidth\":true,\"repeat\":\"no-repeat\",\"size\":\"custom\",\"position\":\"center\"},\"padding\":\"0px\",\"anchor\":\"\",\"hideDesktop\":false,\"_meta\":{\"htmlID\":\"u_row_4\",\"htmlClassNames\":\"u_row\"},\"selectable\":true,\"draggable\":true,\"duplicatable\":true,\"deletable\":true,\"hideable\":true}},{\"id\":\"N6HC_mEUBd\",\"cells\":[1],\"columns\":[{\"id\":\"zpSFpMQVJL\",\"contents\":[{\"id\":\"6nwKJTqzEz\",\"type\":\"text\",\"values\":{\"containerPadding\":\"10px\",\"anchor\":\"\",\"fontSize\":\"14px\",\"textAlign\":\"left\",\"lineHeight\":\"140%\",\"linkStyle\":{\"inherit\":true,\"linkColor\":\"#0000ee\",\"linkHoverColor\":\"#0000ee\",\"linkUnderline\":true,\"linkHoverUnderline\":true},\"hideDesktop\":false,\"displayCondition\":null,\"_styleGuide\":null,\"_meta\":{\"htmlID\":\"u_content_text_3\",\"htmlClassNames\":\"u_content_text\"},\"selectable\":true,\"draggable\":true,\"duplicatable\":true,\"deletable\":true,\"hideable\":true,\"text\":\"<p style=\\\"line-height: 140%;\\\">Dear &lt;name&gt;,</p>\\n<p style=\\\"line-height: 140%;\\\"> </p>\\n<p style=\\\"line-height: 140%;\\\">At Timperio, we believe that quality is at the heart of every great dish. That’s why our olive oils are crafted with passion, care, and a dedication to excellence.</p>\",\"_languages\":{}}}],\"values\":{\"backgroundColor\":\"\",\"padding\":\"0px\",\"border\":{},\"borderRadius\":\"0px\",\"_meta\":{\"htmlID\":\"u_column_11\",\"htmlClassNames\":\"u_column\"}}}],\"values\":{\"displayCondition\":null,\"columns\":false,\"_styleGuide\":null,\"backgroundColor\":\"\",\"columnsBackgroundColor\":\"\",\"backgroundImage\":{\"url\":\"\",\"fullWidth\":true,\"repeat\":\"no-repeat\",\"size\":\"custom\",\"position\":\"center\"},\"padding\":\"0px\",\"anchor\":\"\",\"hideDesktop\":false,\"_meta\":{\"htmlID\":\"u_row_8\",\"htmlClassNames\":\"u_row\"},\"selectable\":true,\"draggable\":true,\"duplicatable\":true,\"deletable\":true,\"hideable\":true}},{\"id\":\"RFEsDrG-8k\",\"cells\":[1],\"columns\":[{\"id\":\"UoqvSyt5KM\",\"contents\":[{\"id\":\"iU0Z1f-pEV\",\"type\":\"heading\",\"values\":{\"containerPadding\":\"10px\",\"anchor\":\"\",\"headingType\":\"h4\",\"fontSize\":\"16px\",\"color\":\"#169179\",\"textAlign\":\"center\",\"lineHeight\":\"140%\",\"linkStyle\":{\"inherit\":true,\"linkColor\":\"#0000ee\",\"linkHoverColor\":\"#0000ee\",\"linkUnderline\":true,\"linkHoverUnderline\":true},\"hideDesktop\":false,\"displayCondition\":null,\"_styleGuide\":null,\"_meta\":{\"htmlID\":\"u_content_heading_3\",\"htmlClassNames\":\"u_content_heading\"},\"selectable\":true,\"draggable\":true,\"duplicatable\":true,\"deletable\":true,\"hideable\":true,\"text\":\"<strong>LIMITED TIME ONLY</strong>\",\"_languages\":{}}}],\"values\":{\"backgroundColor\":\"\",\"padding\":\"0px\",\"border\":{},\"borderRadius\":\"0px\",\"_meta\":{\"htmlID\":\"u_column_12\",\"htmlClassNames\":\"u_column\"}}}],\"values\":{\"displayCondition\":null,\"columns\":false,\"_styleGuide\":null,\"backgroundColor\":\"\",\"columnsBackgroundColor\":\"\",\"backgroundImage\":{\"url\":\"\",\"fullWidth\":true,\"repeat\":\"no-repeat\",\"size\":\"custom\",\"position\":\"center\"},\"padding\":\"0px\",\"anchor\":\"\",\"hideDesktop\":false,\"_meta\":{\"htmlID\":\"u_row_9\",\"htmlClassNames\":\"u_row\"},\"selectable\":true,\"draggable\":true,\"duplicatable\":true,\"deletable\":true,\"hideable\":true}},{\"id\":\"8jOIUQm3xr\",\"cells\":[1],\"columns\":[{\"id\":\"xwaDxWjbOl\",\"contents\":[{\"id\":\"XP15B8XAEc\",\"type\":\"image\",\"values\":{\"containerPadding\":\"10px\",\"anchor\":\"\",\"src\":{\"url\":\"https://assets.unlayer.com/projects/0/1732034163945-sales.jpeg\",\"width\":1920,\"height\":640,\"contentType\":\"image/jpeg\",\"size\":335350},\"textAlign\":\"center\",\"altText\":\"\",\"action\":{\"name\":\"web\",\"values\":{\"href\":\"\",\"target\":\"_blank\"}},\"hideDesktop\":false,\"displayCondition\":null,\"_styleGuide\":null,\"_meta\":{\"htmlID\":\"u_content_image_4\",\"htmlClassNames\":\"u_content_image\"},\"selectable\":true,\"draggable\":true,\"duplicatable\":true,\"deletable\":true,\"hideable\":true,\"pending\":false}}],\"values\":{\"backgroundColor\":\"\",\"padding\":\"0px\",\"border\":{},\"borderRadius\":\"0px\",\"_meta\":{\"htmlID\":\"u_column_13\",\"htmlClassNames\":\"u_column\"}}}],\"values\":{\"displayCondition\":null,\"columns\":false,\"_styleGuide\":null,\"backgroundColor\":\"\",\"columnsBackgroundColor\":\"\",\"backgroundImage\":{\"url\":\"\",\"fullWidth\":true,\"repeat\":\"no-repeat\",\"size\":\"custom\",\"position\":\"center\"},\"padding\":\"0px\",\"anchor\":\"\",\"hideDesktop\":false,\"_meta\":{\"htmlID\":\"u_row_10\",\"htmlClassNames\":\"u_row\"},\"selectable\":true,\"draggable\":true,\"duplicatable\":true,\"deletable\":true,\"hideable\":true}},{\"id\":\"EigDiyUFOf\",\"cells\":[1],\"columns\":[{\"id\":\"7NdVBcFPMF\",\"contents\":[{\"id\":\"hnssOH8gVs\",\"type\":\"button\",\"values\":{\"href\":{\"name\":\"web\",\"values\":{\"href\":\"\",\"target\":\"_blank\"}},\"buttonColors\":{\"color\":\"#FFFFFF\",\"backgroundColor\":\"#3AAEE0\",\"hoverColor\":\"#FFFFFF\",\"hoverBackgroundColor\":\"#3AAEE0\"},\"size\":{\"autoWidth\":true,\"width\":\"100%\"},\"fontSize\":\"14px\",\"lineHeight\":\"120%\",\"textAlign\":\"center\",\"padding\":\"10px 20px\",\"border\":{},\"borderRadius\":\"4px\",\"hideDesktop\":false,\"displayCondition\":null,\"_styleGuide\":null,\"containerPadding\":\"10px\",\"anchor\":\"\",\"_meta\":{\"htmlID\":\"u_content_button_1\",\"htmlClassNames\":\"u_content_button\"},\"selectable\":true,\"draggable\":true,\"duplicatable\":true,\"deletable\":true,\"hideable\":true,\"text\":\"<span style=\\\"line-height: 16.8px;\\\">Shop now</span>\",\"_languages\":{},\"calculatedWidth\":102,\"calculatedHeight\":37}},{\"id\":\"j96c-BZkXc\",\"type\":\"text\",\"values\":{\"containerPadding\":\"10px\",\"anchor\":\"\",\"fontSize\":\"14px\",\"textAlign\":\"left\",\"lineHeight\":\"140%\",\"linkStyle\":{\"inherit\":true,\"linkColor\":\"#0000ee\",\"linkHoverColor\":\"#0000ee\",\"linkUnderline\":true,\"linkHoverUnderline\":true},\"hideDesktop\":false,\"displayCondition\":null,\"_styleGuide\":null,\"_meta\":{\"htmlID\":\"u_content_text_5\",\"htmlClassNames\":\"u_content_text\"},\"selectable\":true,\"draggable\":true,\"duplicatable\":true,\"deletable\":true,\"hideable\":true,\"text\":\"<p style=\\\"line-height: 140%;\\\"><span style=\\\"color: #169179; line-height: 19.6px;\\\"><strong>Our blog series</strong></span></p>\",\"_languages\":{}}},{\"id\":\"nQyfkppTbB\",\"type\":\"image\",\"values\":{\"containerPadding\":\"10px\",\"anchor\":\"\",\"src\":{\"url\":\"https://assets.unlayer.com/projects/0/1730901259900-timperio.co.png\",\"width\":1200,\"height\":628},\"textAlign\":\"center\",\"altText\":\"\",\"action\":{\"name\":\"web\",\"values\":{\"href\":\"https://www.timperio.co/blogs/our-blogs\",\"target\":\"_blank\"},\"attrs\":{\"href\":\"{{href}}\",\"target\":\"{{target}}\"}},\"hideDesktop\":false,\"displayCondition\":null,\"_styleGuide\":null,\"_meta\":{\"htmlID\":\"u_content_image_3\",\"htmlClassNames\":\"u_content_image\"},\"selectable\":true,\"draggable\":true,\"duplicatable\":true,\"deletable\":true,\"hideable\":true,\"pending\":false}},{\"id\":\"a00wKSwIEb\",\"type\":\"social\",\"values\":{\"containerPadding\":\"10px\",\"anchor\":\"\",\"icons\":{\"iconType\":\"circle\",\"icons\":[{\"name\":\"Facebook\",\"url\":\"https://www.facebook.com/Timperioasia/\"},{\"name\":\"Instagram\",\"url\":\"https://www.instagram.com/timperioasia\"}],\"editor\":{\"data\":{\"showDefaultIcons\":true,\"showDefaultOptions\":true,\"customIcons\":[],\"customOptions\":[]}}},\"align\":\"center\",\"iconSize\":32,\"spacing\":5,\"hideDesktop\":false,\"displayCondition\":null,\"_styleGuide\":null,\"_meta\":{\"htmlID\":\"u_content_social_1\",\"htmlClassNames\":\"u_content_social\"},\"selectable\":true,\"draggable\":true,\"duplicatable\":true,\"deletable\":true,\"hideable\":true}}],\"values\":{\"backgroundColor\":\"\",\"padding\":\"0px\",\"border\":{},\"borderRadius\":\"0px\",\"_meta\":{\"htmlID\":\"u_column_8\",\"htmlClassNames\":\"u_column\"}}}],\"values\":{\"displayCondition\":null,\"columns\":false,\"_styleGuide\":null,\"backgroundColor\":\"\",\"columnsBackgroundColor\":\"\",\"backgroundImage\":{\"url\":\"\",\"fullWidth\":true,\"repeat\":\"no-repeat\",\"size\":\"custom\",\"position\":\"center\"},\"padding\":\"0px\",\"anchor\":\"\",\"hideDesktop\":false,\"_meta\":{\"htmlID\":\"u_row_5\",\"htmlClassNames\":\"u_row\"},\"selectable\":true,\"draggable\":true,\"duplicatable\":true,\"deletable\":true,\"hideable\":true}},{\"id\":\"qootZ85mnC\",\"cells\":[1],\"columns\":[{\"id\":\"becIOiCAtu\",\"contents\":[{\"id\":\"d4-xrEKNoP\",\"type\":\"text\",\"values\":{\"containerPadding\":\"10px\",\"anchor\":\"\",\"fontSize\":\"14px\",\"textAlign\":\"center\",\"lineHeight\":\"140%\",\"linkStyle\":{\"inherit\":true,\"linkColor\":\"#0000ee\",\"linkHoverColor\":\"#0000ee\",\"linkUnderline\":true,\"linkHoverUnderline\":true},\"hideDesktop\":false,\"displayCondition\":null,\"_styleGuide\":null,\"_meta\":{\"htmlID\":\"u_content_text_4\",\"htmlClassNames\":\"u_content_text\"},\"selectable\":true,\"draggable\":true,\"duplicatable\":true,\"deletable\":true,\"hideable\":true,\"text\":\"<p style=\\\"line-height: 140%;\\\"><em>Copyright @ 2024 Timperio Snc</em></p>\",\"_languages\":{}}}],\"values\":{\"backgroundColor\":\"\",\"padding\":\"0px\",\"border\":{},\"borderRadius\":\"0px\",\"_meta\":{\"htmlID\":\"u_column_10\",\"htmlClassNames\":\"u_column\"}}}],\"values\":{\"displayCondition\":null,\"columns\":false,\"_styleGuide\":null,\"backgroundColor\":\"\",\"columnsBackgroundColor\":\"\",\"backgroundImage\":{\"url\":\"\",\"fullWidth\":true,\"repeat\":\"no-repeat\",\"size\":\"custom\",\"position\":\"center\"},\"padding\":\"0px\",\"anchor\":\"\",\"hideDesktop\":false,\"_meta\":{\"htmlID\":\"u_row_7\",\"htmlClassNames\":\"u_row\"},\"selectable\":true,\"draggable\":true,\"duplicatable\":true,\"deletable\":true,\"hideable\":true}}],\"headers\":[],\"footers\":[],\"values\":{\"_styleGuide\":null,\"popupPosition\":\"center\",\"popupWidth\":\"600px\",\"popupHeight\":\"auto\",\"borderRadius\":\"10px\",\"contentAlign\":\"center\",\"contentVerticalAlign\":\"center\",\"contentWidth\":\"500px\",\"fontFamily\":{\"label\":\"Arial\",\"value\":\"arial,helvetica,sans-serif\"},\"textColor\":\"#000000\",\"popupBackgroundColor\":\"#FFFFFF\",\"popupBackgroundImage\":{\"url\":\"\",\"fullWidth\":true,\"repeat\":\"no-repeat\",\"size\":\"cover\",\"position\":\"center\"},\"popupOverlay_backgroundColor\":\"rgba(0, 0, 0, 0.1)\",\"popupCloseButton_position\":\"top-right\",\"popupCloseButton_backgroundColor\":\"#DDDDDD\",\"popupCloseButton_iconColor\":\"#000000\",\"popupCloseButton_borderRadius\":\"0px\",\"popupCloseButton_margin\":\"0px\",\"popupCloseButton_action\":{\"name\":\"close_popup\",\"attrs\":{\"onClick\":\"document.querySelector(\'.u-popup-container\').style.display = \'none\';\"}},\"language\":{},\"backgroundColor\":\"#F7F8F9\",\"preheaderText\":\"\",\"linkStyle\":{\"body\":true,\"linkColor\":\"#0000ee\",\"linkHoverColor\":\"#0000ee\",\"linkUnderline\":true,\"linkHoverUnderline\":true},\"backgroundImage\":{\"url\":\"\",\"fullWidth\":true,\"repeat\":\"no-repeat\",\"size\":\"custom\",\"position\":\"center\"},\"_meta\":{\"htmlID\":\"u_body\",\"htmlClassNames\":\"u_body\"}}},\"schemaVersion\":17}', 3);
INSERT INTO `newsletter` (`name`, `content`, `user_id`) VALUES
('CNY', '{\"counters\":{\"u_content_text\":5,\"u_column\":14,\"u_row\":10,\"u_content_heading\":3,\"u_content_html\":4,\"u_content_image\":4,\"u_content_social\":1,\"u_content_button\":1},\"body\":{\"id\":\"JN6gDYx_B3\",\"rows\":[{\"id\":\"2-FQOLNYv4\",\"cells\":[1,2],\"columns\":[{\"id\":\"iaQDs-5j0t\",\"contents\":[{\"id\":\"GksvJTx1es\",\"type\":\"image\",\"values\":{\"containerPadding\":\"10px\",\"anchor\":\"\",\"src\":{\"url\":\"https://assets.unlayer.com/projects/0/1730901563546-Timperio_logo.png\",\"width\":562,\"height\":285},\"textAlign\":\"center\",\"altText\":\"\",\"action\":{\"name\":\"web\",\"values\":{\"href\":\"\",\"target\":\"_blank\"}},\"hideDesktop\":false,\"displayCondition\":null,\"_styleGuide\":null,\"_meta\":{\"htmlID\":\"u_content_image_2\",\"htmlClassNames\":\"u_content_image\"},\"selectable\":true,\"draggable\":true,\"duplicatable\":true,\"deletable\":true,\"hideable\":true,\"pending\":false}}],\"values\":{\"backgroundColor\":\"\",\"padding\":\"0px\",\"border\":{},\"borderRadius\":\"0px\",\"_meta\":{\"htmlID\":\"u_column_6\",\"htmlClassNames\":\"u_column\"}}},{\"id\":\"cQ2hV4IKe_\",\"contents\":[],\"values\":{\"backgroundColor\":\"\",\"padding\":\"0px\",\"border\":{},\"borderRadius\":\"0px\",\"_meta\":{\"htmlID\":\"u_column_7\",\"htmlClassNames\":\"u_column\"}}}],\"values\":{\"displayCondition\":null,\"columns\":false,\"_styleGuide\":null,\"backgroundColor\":\"\",\"columnsBackgroundColor\":\"\",\"backgroundImage\":{\"url\":\"\",\"fullWidth\":true,\"repeat\":\"no-repeat\",\"size\":\"custom\",\"position\":\"center\"},\"padding\":\"0px\",\"anchor\":\"\",\"hideDesktop\":false,\"_meta\":{\"htmlID\":\"u_row_4\",\"htmlClassNames\":\"u_row\"},\"selectable\":true,\"draggable\":true,\"duplicatable\":true,\"deletable\":true,\"hideable\":true}},{\"id\":\"N6HC_mEUBd\",\"cells\":[1],\"columns\":[{\"id\":\"zpSFpMQVJL\",\"contents\":[{\"id\":\"6nwKJTqzEz\",\"type\":\"text\",\"values\":{\"containerPadding\":\"10px\",\"anchor\":\"\",\"fontSize\":\"14px\",\"textAlign\":\"left\",\"lineHeight\":\"140%\",\"linkStyle\":{\"inherit\":true,\"linkColor\":\"#0000ee\",\"linkHoverColor\":\"#0000ee\",\"linkUnderline\":true,\"linkHoverUnderline\":true},\"hideDesktop\":false,\"displayCondition\":null,\"_styleGuide\":null,\"_meta\":{\"htmlID\":\"u_content_text_3\",\"htmlClassNames\":\"u_content_text\"},\"selectable\":true,\"draggable\":true,\"duplicatable\":true,\"deletable\":true,\"hideable\":true,\"text\":\"<p style=\\\"line-height: 140%;\\\">Dear &lt;name&gt;,</p>\\n<p style=\\\"line-height: 140%;\\\"> </p>\\n<p style=\\\"line-height: 140%;\\\">At Timperio, we believe that quality is at the heart of every great dish. That’s why our olive oils are crafted with passion, care, and a dedication to excellence.</p>\",\"_languages\":{}}}],\"values\":{\"backgroundColor\":\"\",\"padding\":\"0px\",\"border\":{},\"borderRadius\":\"0px\",\"_meta\":{\"htmlID\":\"u_column_11\",\"htmlClassNames\":\"u_column\"}}}],\"values\":{\"displayCondition\":null,\"columns\":false,\"_styleGuide\":null,\"backgroundColor\":\"\",\"columnsBackgroundColor\":\"\",\"backgroundImage\":{\"url\":\"\",\"fullWidth\":true,\"repeat\":\"no-repeat\",\"size\":\"custom\",\"position\":\"center\"},\"padding\":\"0px\",\"anchor\":\"\",\"hideDesktop\":false,\"_meta\":{\"htmlID\":\"u_row_8\",\"htmlClassNames\":\"u_row\"},\"selectable\":true,\"draggable\":true,\"duplicatable\":true,\"deletable\":true,\"hideable\":true}},{\"id\":\"RFEsDrG-8k\",\"cells\":[1],\"columns\":[{\"id\":\"UoqvSyt5KM\",\"contents\":[{\"id\":\"iU0Z1f-pEV\",\"type\":\"heading\",\"values\":{\"containerPadding\":\"10px\",\"anchor\":\"\",\"headingType\":\"h4\",\"fontSize\":\"16px\",\"color\":\"#169179\",\"textAlign\":\"center\",\"lineHeight\":\"140%\",\"linkStyle\":{\"inherit\":true,\"linkColor\":\"#0000ee\",\"linkHoverColor\":\"#0000ee\",\"linkUnderline\":true,\"linkHoverUnderline\":true},\"hideDesktop\":false,\"displayCondition\":null,\"_styleGuide\":null,\"_meta\":{\"htmlID\":\"u_content_heading_3\",\"htmlClassNames\":\"u_content_heading\"},\"selectable\":true,\"draggable\":true,\"duplicatable\":true,\"deletable\":true,\"hideable\":true,\"text\":\"<strong>LIMITED TIME ONLY</strong>\",\"_languages\":{}}}],\"values\":{\"backgroundColor\":\"\",\"padding\":\"0px\",\"border\":{},\"borderRadius\":\"0px\",\"_meta\":{\"htmlID\":\"u_column_12\",\"htmlClassNames\":\"u_column\"}}}],\"values\":{\"displayCondition\":null,\"columns\":false,\"_styleGuide\":null,\"backgroundColor\":\"\",\"columnsBackgroundColor\":\"\",\"backgroundImage\":{\"url\":\"\",\"fullWidth\":true,\"repeat\":\"no-repeat\",\"size\":\"custom\",\"position\":\"center\"},\"padding\":\"0px\",\"anchor\":\"\",\"hideDesktop\":false,\"_meta\":{\"htmlID\":\"u_row_9\",\"htmlClassNames\":\"u_row\"},\"selectable\":true,\"draggable\":true,\"duplicatable\":true,\"deletable\":true,\"hideable\":true}},{\"id\":\"8jOIUQm3xr\",\"cells\":[1],\"columns\":[{\"id\":\"xwaDxWjbOl\",\"contents\":[{\"id\":\"XP15B8XAEc\",\"type\":\"image\",\"values\":{\"containerPadding\":\"10px\",\"anchor\":\"\",\"src\":{\"url\":\"https://assets.unlayer.com/projects/0/1732034163945-sales.jpeg\",\"width\":1920,\"height\":640,\"contentType\":\"image/jpeg\",\"size\":335350},\"textAlign\":\"center\",\"altText\":\"\",\"action\":{\"name\":\"web\",\"values\":{\"href\":\"\",\"target\":\"_blank\"}},\"hideDesktop\":false,\"displayCondition\":null,\"_styleGuide\":null,\"_meta\":{\"htmlID\":\"u_content_image_4\",\"htmlClassNames\":\"u_content_image\"},\"selectable\":true,\"draggable\":true,\"duplicatable\":true,\"deletable\":true,\"hideable\":true,\"pending\":false}}],\"values\":{\"backgroundColor\":\"\",\"padding\":\"0px\",\"border\":{},\"borderRadius\":\"0px\",\"_meta\":{\"htmlID\":\"u_column_13\",\"htmlClassNames\":\"u_column\"}}}],\"values\":{\"displayCondition\":null,\"columns\":false,\"_styleGuide\":null,\"backgroundColor\":\"\",\"columnsBackgroundColor\":\"\",\"backgroundImage\":{\"url\":\"\",\"fullWidth\":true,\"repeat\":\"no-repeat\",\"size\":\"custom\",\"position\":\"center\"},\"padding\":\"0px\",\"anchor\":\"\",\"hideDesktop\":false,\"_meta\":{\"htmlID\":\"u_row_10\",\"htmlClassNames\":\"u_row\"},\"selectable\":true,\"draggable\":true,\"duplicatable\":true,\"deletable\":true,\"hideable\":true}},{\"id\":\"EigDiyUFOf\",\"cells\":[1],\"columns\":[{\"id\":\"7NdVBcFPMF\",\"contents\":[{\"id\":\"hnssOH8gVs\",\"type\":\"button\",\"values\":{\"href\":{\"name\":\"web\",\"values\":{\"href\":\"\",\"target\":\"_blank\"}},\"buttonColors\":{\"color\":\"#FFFFFF\",\"backgroundColor\":\"#3AAEE0\",\"hoverColor\":\"#FFFFFF\",\"hoverBackgroundColor\":\"#3AAEE0\"},\"size\":{\"autoWidth\":true,\"width\":\"100%\"},\"fontSize\":\"14px\",\"lineHeight\":\"120%\",\"textAlign\":\"center\",\"padding\":\"10px 20px\",\"border\":{},\"borderRadius\":\"4px\",\"hideDesktop\":false,\"displayCondition\":null,\"_styleGuide\":null,\"containerPadding\":\"10px\",\"anchor\":\"\",\"_meta\":{\"htmlID\":\"u_content_button_1\",\"htmlClassNames\":\"u_content_button\"},\"selectable\":true,\"draggable\":true,\"duplicatable\":true,\"deletable\":true,\"hideable\":true,\"text\":\"<span style=\\\"line-height: 16.8px;\\\">Shop now</span>\",\"_languages\":{},\"calculatedWidth\":102,\"calculatedHeight\":37}},{\"id\":\"j96c-BZkXc\",\"type\":\"text\",\"values\":{\"containerPadding\":\"10px\",\"anchor\":\"\",\"fontSize\":\"14px\",\"textAlign\":\"left\",\"lineHeight\":\"140%\",\"linkStyle\":{\"inherit\":true,\"linkColor\":\"#0000ee\",\"linkHoverColor\":\"#0000ee\",\"linkUnderline\":true,\"linkHoverUnderline\":true},\"hideDesktop\":false,\"displayCondition\":null,\"_styleGuide\":null,\"_meta\":{\"htmlID\":\"u_content_text_5\",\"htmlClassNames\":\"u_content_text\"},\"selectable\":true,\"draggable\":true,\"duplicatable\":true,\"deletable\":true,\"hideable\":true,\"text\":\"<p style=\\\"line-height: 140%;\\\"><span style=\\\"color: #169179; line-height: 19.6px;\\\"><strong>Our blog series</strong></span></p>\",\"_languages\":{}}},{\"id\":\"nQyfkppTbB\",\"type\":\"image\",\"values\":{\"containerPadding\":\"10px\",\"anchor\":\"\",\"src\":{\"url\":\"https://assets.unlayer.com/projects/0/1730901259900-timperio.co.png\",\"width\":1200,\"height\":628},\"textAlign\":\"center\",\"altText\":\"\",\"action\":{\"name\":\"web\",\"values\":{\"href\":\"https://www.timperio.co/blogs/our-blogs\",\"target\":\"_blank\"},\"attrs\":{\"href\":\"{{href}}\",\"target\":\"{{target}}\"}},\"hideDesktop\":false,\"displayCondition\":null,\"_styleGuide\":null,\"_meta\":{\"htmlID\":\"u_content_image_3\",\"htmlClassNames\":\"u_content_image\"},\"selectable\":true,\"draggable\":true,\"duplicatable\":true,\"deletable\":true,\"hideable\":true,\"pending\":false}},{\"id\":\"a00wKSwIEb\",\"type\":\"social\",\"values\":{\"containerPadding\":\"10px\",\"anchor\":\"\",\"icons\":{\"iconType\":\"circle\",\"icons\":[{\"name\":\"Facebook\",\"url\":\"https://www.facebook.com/Timperioasia/\"},{\"name\":\"Instagram\",\"url\":\"https://www.instagram.com/timperioasia\"}],\"editor\":{\"data\":{\"showDefaultIcons\":true,\"showDefaultOptions\":true,\"customIcons\":[],\"customOptions\":[]}}},\"align\":\"center\",\"iconSize\":32,\"spacing\":5,\"hideDesktop\":false,\"displayCondition\":null,\"_styleGuide\":null,\"_meta\":{\"htmlID\":\"u_content_social_1\",\"htmlClassNames\":\"u_content_social\"},\"selectable\":true,\"draggable\":true,\"duplicatable\":true,\"deletable\":true,\"hideable\":true}}],\"values\":{\"backgroundColor\":\"\",\"padding\":\"0px\",\"border\":{},\"borderRadius\":\"0px\",\"_meta\":{\"htmlID\":\"u_column_8\",\"htmlClassNames\":\"u_column\"}}}],\"values\":{\"displayCondition\":null,\"columns\":false,\"_styleGuide\":null,\"backgroundColor\":\"\",\"columnsBackgroundColor\":\"\",\"backgroundImage\":{\"url\":\"\",\"fullWidth\":true,\"repeat\":\"no-repeat\",\"size\":\"custom\",\"position\":\"center\"},\"padding\":\"0px\",\"anchor\":\"\",\"hideDesktop\":false,\"_meta\":{\"htmlID\":\"u_row_5\",\"htmlClassNames\":\"u_row\"},\"selectable\":true,\"draggable\":true,\"duplicatable\":true,\"deletable\":true,\"hideable\":true}},{\"id\":\"qootZ85mnC\",\"cells\":[1],\"columns\":[{\"id\":\"becIOiCAtu\",\"contents\":[{\"id\":\"d4-xrEKNoP\",\"type\":\"text\",\"values\":{\"containerPadding\":\"10px\",\"anchor\":\"\",\"fontSize\":\"14px\",\"textAlign\":\"center\",\"lineHeight\":\"140%\",\"linkStyle\":{\"inherit\":true,\"linkColor\":\"#0000ee\",\"linkHoverColor\":\"#0000ee\",\"linkUnderline\":true,\"linkHoverUnderline\":true},\"hideDesktop\":false,\"displayCondition\":null,\"_styleGuide\":null,\"_meta\":{\"htmlID\":\"u_content_text_4\",\"htmlClassNames\":\"u_content_text\"},\"selectable\":true,\"draggable\":true,\"duplicatable\":true,\"deletable\":true,\"hideable\":true,\"text\":\"<p style=\\\"line-height: 140%;\\\"><em>Copyright @ 2024 Timperio Snc</em></p>\",\"_languages\":{}}}],\"values\":{\"backgroundColor\":\"\",\"padding\":\"0px\",\"border\":{},\"borderRadius\":\"0px\",\"_meta\":{\"htmlID\":\"u_column_10\",\"htmlClassNames\":\"u_column\"}}}],\"values\":{\"displayCondition\":null,\"columns\":false,\"_styleGuide\":null,\"backgroundColor\":\"\",\"columnsBackgroundColor\":\"\",\"backgroundImage\":{\"url\":\"\",\"fullWidth\":true,\"repeat\":\"no-repeat\",\"size\":\"custom\",\"position\":\"center\"},\"padding\":\"0px\",\"anchor\":\"\",\"hideDesktop\":false,\"_meta\":{\"htmlID\":\"u_row_7\",\"htmlClassNames\":\"u_row\"},\"selectable\":true,\"draggable\":true,\"duplicatable\":true,\"deletable\":true,\"hideable\":true}}],\"headers\":[],\"footers\":[],\"values\":{\"_styleGuide\":null,\"popupPosition\":\"center\",\"popupWidth\":\"600px\",\"popupHeight\":\"auto\",\"borderRadius\":\"10px\",\"contentAlign\":\"center\",\"contentVerticalAlign\":\"center\",\"contentWidth\":\"500px\",\"fontFamily\":{\"label\":\"Arial\",\"value\":\"arial,helvetica,sans-serif\"},\"textColor\":\"#000000\",\"popupBackgroundColor\":\"#FFFFFF\",\"popupBackgroundImage\":{\"url\":\"\",\"fullWidth\":true,\"repeat\":\"no-repeat\",\"size\":\"cover\",\"position\":\"center\"},\"popupOverlay_backgroundColor\":\"rgba(0, 0, 0, 0.1)\",\"popupCloseButton_position\":\"top-right\",\"popupCloseButton_backgroundColor\":\"#DDDDDD\",\"popupCloseButton_iconColor\":\"#000000\",\"popupCloseButton_borderRadius\":\"0px\",\"popupCloseButton_margin\":\"0px\",\"popupCloseButton_action\":{\"name\":\"close_popup\",\"attrs\":{\"onClick\":\"document.querySelector(\'.u-popup-container\').style.display = \'none\';\"}},\"language\":{},\"backgroundColor\":\"#F7F8F9\",\"preheaderText\":\"\",\"linkStyle\":{\"body\":true,\"linkColor\":\"#0000ee\",\"linkHoverColor\":\"#0000ee\",\"linkUnderline\":true,\"linkHoverUnderline\":true},\"backgroundImage\":{\"url\":\"\",\"fullWidth\":true,\"repeat\":\"no-repeat\",\"size\":\"custom\",\"position\":\"center\"},\"_meta\":{\"htmlID\":\"u_body\",\"htmlClassNames\":\"u_body\"}}},\"schemaVersion\":17}', 3);
INSERT INTO `newsletter` (`name`, `content`, `user_id`) VALUES
('Mother\'s Day', '{\"counters\":{\"u_content_text\":5,\"u_column\":14,\"u_row\":10,\"u_content_heading\":3,\"u_content_html\":4,\"u_content_image\":4,\"u_content_social\":1,\"u_content_button\":1},\"body\":{\"id\":\"JN6gDYx_B3\",\"rows\":[{\"id\":\"2-FQOLNYv4\",\"cells\":[1,2],\"columns\":[{\"id\":\"iaQDs-5j0t\",\"contents\":[{\"id\":\"GksvJTx1es\",\"type\":\"image\",\"values\":{\"containerPadding\":\"10px\",\"anchor\":\"\",\"src\":{\"url\":\"https://assets.unlayer.com/projects/0/1730901563546-Timperio_logo.png\",\"width\":562,\"height\":285},\"textAlign\":\"center\",\"altText\":\"\",\"action\":{\"name\":\"web\",\"values\":{\"href\":\"\",\"target\":\"_blank\"}},\"hideDesktop\":false,\"displayCondition\":null,\"_styleGuide\":null,\"_meta\":{\"htmlID\":\"u_content_image_2\",\"htmlClassNames\":\"u_content_image\"},\"selectable\":true,\"draggable\":true,\"duplicatable\":true,\"deletable\":true,\"hideable\":true,\"pending\":false}}],\"values\":{\"backgroundColor\":\"\",\"padding\":\"0px\",\"border\":{},\"borderRadius\":\"0px\",\"_meta\":{\"htmlID\":\"u_column_6\",\"htmlClassNames\":\"u_column\"}}},{\"id\":\"cQ2hV4IKe_\",\"contents\":[],\"values\":{\"backgroundColor\":\"\",\"padding\":\"0px\",\"border\":{},\"borderRadius\":\"0px\",\"_meta\":{\"htmlID\":\"u_column_7\",\"htmlClassNames\":\"u_column\"}}}],\"values\":{\"displayCondition\":null,\"columns\":false,\"_styleGuide\":null,\"backgroundColor\":\"\",\"columnsBackgroundColor\":\"\",\"backgroundImage\":{\"url\":\"\",\"fullWidth\":true,\"repeat\":\"no-repeat\",\"size\":\"custom\",\"position\":\"center\"},\"padding\":\"0px\",\"anchor\":\"\",\"hideDesktop\":false,\"_meta\":{\"htmlID\":\"u_row_4\",\"htmlClassNames\":\"u_row\"},\"selectable\":true,\"draggable\":true,\"duplicatable\":true,\"deletable\":true,\"hideable\":true}},{\"id\":\"N6HC_mEUBd\",\"cells\":[1],\"columns\":[{\"id\":\"zpSFpMQVJL\",\"contents\":[{\"id\":\"6nwKJTqzEz\",\"type\":\"text\",\"values\":{\"containerPadding\":\"10px\",\"anchor\":\"\",\"fontSize\":\"14px\",\"textAlign\":\"left\",\"lineHeight\":\"140%\",\"linkStyle\":{\"inherit\":true,\"linkColor\":\"#0000ee\",\"linkHoverColor\":\"#0000ee\",\"linkUnderline\":true,\"linkHoverUnderline\":true},\"hideDesktop\":false,\"displayCondition\":null,\"_styleGuide\":null,\"_meta\":{\"htmlID\":\"u_content_text_3\",\"htmlClassNames\":\"u_content_text\"},\"selectable\":true,\"draggable\":true,\"duplicatable\":true,\"deletable\":true,\"hideable\":true,\"text\":\"<p style=\\\"line-height: 140%;\\\">Dear &lt;name&gt;,</p>\\n<p style=\\\"line-height: 140%;\\\"> </p>\\n<p style=\\\"line-height: 140%;\\\">At Timperio, we believe that quality is at the heart of every great dish. That’s why our olive oils are crafted with passion, care, and a dedication to excellence.</p>\",\"_languages\":{}}}],\"values\":{\"backgroundColor\":\"\",\"padding\":\"0px\",\"border\":{},\"borderRadius\":\"0px\",\"_meta\":{\"htmlID\":\"u_column_11\",\"htmlClassNames\":\"u_column\"}}}],\"values\":{\"displayCondition\":null,\"columns\":false,\"_styleGuide\":null,\"backgroundColor\":\"\",\"columnsBackgroundColor\":\"\",\"backgroundImage\":{\"url\":\"\",\"fullWidth\":true,\"repeat\":\"no-repeat\",\"size\":\"custom\",\"position\":\"center\"},\"padding\":\"0px\",\"anchor\":\"\",\"hideDesktop\":false,\"_meta\":{\"htmlID\":\"u_row_8\",\"htmlClassNames\":\"u_row\"},\"selectable\":true,\"draggable\":true,\"duplicatable\":true,\"deletable\":true,\"hideable\":true}},{\"id\":\"RFEsDrG-8k\",\"cells\":[1],\"columns\":[{\"id\":\"UoqvSyt5KM\",\"contents\":[{\"id\":\"iU0Z1f-pEV\",\"type\":\"heading\",\"values\":{\"containerPadding\":\"10px\",\"anchor\":\"\",\"headingType\":\"h4\",\"fontSize\":\"16px\",\"color\":\"#169179\",\"textAlign\":\"center\",\"lineHeight\":\"140%\",\"linkStyle\":{\"inherit\":true,\"linkColor\":\"#0000ee\",\"linkHoverColor\":\"#0000ee\",\"linkUnderline\":true,\"linkHoverUnderline\":true},\"hideDesktop\":false,\"displayCondition\":null,\"_styleGuide\":null,\"_meta\":{\"htmlID\":\"u_content_heading_3\",\"htmlClassNames\":\"u_content_heading\"},\"selectable\":true,\"draggable\":true,\"duplicatable\":true,\"deletable\":true,\"hideable\":true,\"text\":\"<strong>LIMITED TIME ONLY</strong>\",\"_languages\":{}}}],\"values\":{\"backgroundColor\":\"\",\"padding\":\"0px\",\"border\":{},\"borderRadius\":\"0px\",\"_meta\":{\"htmlID\":\"u_column_12\",\"htmlClassNames\":\"u_column\"}}}],\"values\":{\"displayCondition\":null,\"columns\":false,\"_styleGuide\":null,\"backgroundColor\":\"\",\"columnsBackgroundColor\":\"\",\"backgroundImage\":{\"url\":\"\",\"fullWidth\":true,\"repeat\":\"no-repeat\",\"size\":\"custom\",\"position\":\"center\"},\"padding\":\"0px\",\"anchor\":\"\",\"hideDesktop\":false,\"_meta\":{\"htmlID\":\"u_row_9\",\"htmlClassNames\":\"u_row\"},\"selectable\":true,\"draggable\":true,\"duplicatable\":true,\"deletable\":true,\"hideable\":true}},{\"id\":\"8jOIUQm3xr\",\"cells\":[1],\"columns\":[{\"id\":\"xwaDxWjbOl\",\"contents\":[{\"id\":\"XP15B8XAEc\",\"type\":\"image\",\"values\":{\"containerPadding\":\"10px\",\"anchor\":\"\",\"src\":{\"url\":\"https://assets.unlayer.com/projects/0/1732034163945-sales.jpeg\",\"width\":1920,\"height\":640,\"contentType\":\"image/jpeg\",\"size\":335350},\"textAlign\":\"center\",\"altText\":\"\",\"action\":{\"name\":\"web\",\"values\":{\"href\":\"\",\"target\":\"_blank\"}},\"hideDesktop\":false,\"displayCondition\":null,\"_styleGuide\":null,\"_meta\":{\"htmlID\":\"u_content_image_4\",\"htmlClassNames\":\"u_content_image\"},\"selectable\":true,\"draggable\":true,\"duplicatable\":true,\"deletable\":true,\"hideable\":true,\"pending\":false}}],\"values\":{\"backgroundColor\":\"\",\"padding\":\"0px\",\"border\":{},\"borderRadius\":\"0px\",\"_meta\":{\"htmlID\":\"u_column_13\",\"htmlClassNames\":\"u_column\"}}}],\"values\":{\"displayCondition\":null,\"columns\":false,\"_styleGuide\":null,\"backgroundColor\":\"\",\"columnsBackgroundColor\":\"\",\"backgroundImage\":{\"url\":\"\",\"fullWidth\":true,\"repeat\":\"no-repeat\",\"size\":\"custom\",\"position\":\"center\"},\"padding\":\"0px\",\"anchor\":\"\",\"hideDesktop\":false,\"_meta\":{\"htmlID\":\"u_row_10\",\"htmlClassNames\":\"u_row\"},\"selectable\":true,\"draggable\":true,\"duplicatable\":true,\"deletable\":true,\"hideable\":true}},{\"id\":\"EigDiyUFOf\",\"cells\":[1],\"columns\":[{\"id\":\"7NdVBcFPMF\",\"contents\":[{\"id\":\"hnssOH8gVs\",\"type\":\"button\",\"values\":{\"href\":{\"name\":\"web\",\"values\":{\"href\":\"\",\"target\":\"_blank\"}},\"buttonColors\":{\"color\":\"#FFFFFF\",\"backgroundColor\":\"#3AAEE0\",\"hoverColor\":\"#FFFFFF\",\"hoverBackgroundColor\":\"#3AAEE0\"},\"size\":{\"autoWidth\":true,\"width\":\"100%\"},\"fontSize\":\"14px\",\"lineHeight\":\"120%\",\"textAlign\":\"center\",\"padding\":\"10px 20px\",\"border\":{},\"borderRadius\":\"4px\",\"hideDesktop\":false,\"displayCondition\":null,\"_styleGuide\":null,\"containerPadding\":\"10px\",\"anchor\":\"\",\"_meta\":{\"htmlID\":\"u_content_button_1\",\"htmlClassNames\":\"u_content_button\"},\"selectable\":true,\"draggable\":true,\"duplicatable\":true,\"deletable\":true,\"hideable\":true,\"text\":\"<span style=\\\"line-height: 16.8px;\\\">Shop now</span>\",\"_languages\":{},\"calculatedWidth\":102,\"calculatedHeight\":37}},{\"id\":\"j96c-BZkXc\",\"type\":\"text\",\"values\":{\"containerPadding\":\"10px\",\"anchor\":\"\",\"fontSize\":\"14px\",\"textAlign\":\"left\",\"lineHeight\":\"140%\",\"linkStyle\":{\"inherit\":true,\"linkColor\":\"#0000ee\",\"linkHoverColor\":\"#0000ee\",\"linkUnderline\":true,\"linkHoverUnderline\":true},\"hideDesktop\":false,\"displayCondition\":null,\"_styleGuide\":null,\"_meta\":{\"htmlID\":\"u_content_text_5\",\"htmlClassNames\":\"u_content_text\"},\"selectable\":true,\"draggable\":true,\"duplicatable\":true,\"deletable\":true,\"hideable\":true,\"text\":\"<p style=\\\"line-height: 140%;\\\"><span style=\\\"color: #169179; line-height: 19.6px;\\\"><strong>Our blog series</strong></span></p>\",\"_languages\":{}}},{\"id\":\"nQyfkppTbB\",\"type\":\"image\",\"values\":{\"containerPadding\":\"10px\",\"anchor\":\"\",\"src\":{\"url\":\"https://assets.unlayer.com/projects/0/1730901259900-timperio.co.png\",\"width\":1200,\"height\":628},\"textAlign\":\"center\",\"altText\":\"\",\"action\":{\"name\":\"web\",\"values\":{\"href\":\"https://www.timperio.co/blogs/our-blogs\",\"target\":\"_blank\"},\"attrs\":{\"href\":\"{{href}}\",\"target\":\"{{target}}\"}},\"hideDesktop\":false,\"displayCondition\":null,\"_styleGuide\":null,\"_meta\":{\"htmlID\":\"u_content_image_3\",\"htmlClassNames\":\"u_content_image\"},\"selectable\":true,\"draggable\":true,\"duplicatable\":true,\"deletable\":true,\"hideable\":true,\"pending\":false}},{\"id\":\"a00wKSwIEb\",\"type\":\"social\",\"values\":{\"containerPadding\":\"10px\",\"anchor\":\"\",\"icons\":{\"iconType\":\"circle\",\"icons\":[{\"name\":\"Facebook\",\"url\":\"https://www.facebook.com/Timperioasia/\"},{\"name\":\"Instagram\",\"url\":\"https://www.instagram.com/timperioasia\"}],\"editor\":{\"data\":{\"showDefaultIcons\":true,\"showDefaultOptions\":true,\"customIcons\":[],\"customOptions\":[]}}},\"align\":\"center\",\"iconSize\":32,\"spacing\":5,\"hideDesktop\":false,\"displayCondition\":null,\"_styleGuide\":null,\"_meta\":{\"htmlID\":\"u_content_social_1\",\"htmlClassNames\":\"u_content_social\"},\"selectable\":true,\"draggable\":true,\"duplicatable\":true,\"deletable\":true,\"hideable\":true}}],\"values\":{\"backgroundColor\":\"\",\"padding\":\"0px\",\"border\":{},\"borderRadius\":\"0px\",\"_meta\":{\"htmlID\":\"u_column_8\",\"htmlClassNames\":\"u_column\"}}}],\"values\":{\"displayCondition\":null,\"columns\":false,\"_styleGuide\":null,\"backgroundColor\":\"\",\"columnsBackgroundColor\":\"\",\"backgroundImage\":{\"url\":\"\",\"fullWidth\":true,\"repeat\":\"no-repeat\",\"size\":\"custom\",\"position\":\"center\"},\"padding\":\"0px\",\"anchor\":\"\",\"hideDesktop\":false,\"_meta\":{\"htmlID\":\"u_row_5\",\"htmlClassNames\":\"u_row\"},\"selectable\":true,\"draggable\":true,\"duplicatable\":true,\"deletable\":true,\"hideable\":true}},{\"id\":\"qootZ85mnC\",\"cells\":[1],\"columns\":[{\"id\":\"becIOiCAtu\",\"contents\":[{\"id\":\"d4-xrEKNoP\",\"type\":\"text\",\"values\":{\"containerPadding\":\"10px\",\"anchor\":\"\",\"fontSize\":\"14px\",\"textAlign\":\"center\",\"lineHeight\":\"140%\",\"linkStyle\":{\"inherit\":true,\"linkColor\":\"#0000ee\",\"linkHoverColor\":\"#0000ee\",\"linkUnderline\":true,\"linkHoverUnderline\":true},\"hideDesktop\":false,\"displayCondition\":null,\"_styleGuide\":null,\"_meta\":{\"htmlID\":\"u_content_text_4\",\"htmlClassNames\":\"u_content_text\"},\"selectable\":true,\"draggable\":true,\"duplicatable\":true,\"deletable\":true,\"hideable\":true,\"text\":\"<p style=\\\"line-height: 140%;\\\"><em>Copyright @ 2024 Timperio Snc</em></p>\",\"_languages\":{}}}],\"values\":{\"backgroundColor\":\"\",\"padding\":\"0px\",\"border\":{},\"borderRadius\":\"0px\",\"_meta\":{\"htmlID\":\"u_column_10\",\"htmlClassNames\":\"u_column\"}}}],\"values\":{\"displayCondition\":null,\"columns\":false,\"_styleGuide\":null,\"backgroundColor\":\"\",\"columnsBackgroundColor\":\"\",\"backgroundImage\":{\"url\":\"\",\"fullWidth\":true,\"repeat\":\"no-repeat\",\"size\":\"custom\",\"position\":\"center\"},\"padding\":\"0px\",\"anchor\":\"\",\"hideDesktop\":false,\"_meta\":{\"htmlID\":\"u_row_7\",\"htmlClassNames\":\"u_row\"},\"selectable\":true,\"draggable\":true,\"duplicatable\":true,\"deletable\":true,\"hideable\":true}}],\"headers\":[],\"footers\":[],\"values\":{\"_styleGuide\":null,\"popupPosition\":\"center\",\"popupWidth\":\"600px\",\"popupHeight\":\"auto\",\"borderRadius\":\"10px\",\"contentAlign\":\"center\",\"contentVerticalAlign\":\"center\",\"contentWidth\":\"500px\",\"fontFamily\":{\"label\":\"Arial\",\"value\":\"arial,helvetica,sans-serif\"},\"textColor\":\"#000000\",\"popupBackgroundColor\":\"#FFFFFF\",\"popupBackgroundImage\":{\"url\":\"\",\"fullWidth\":true,\"repeat\":\"no-repeat\",\"size\":\"cover\",\"position\":\"center\"},\"popupOverlay_backgroundColor\":\"rgba(0, 0, 0, 0.1)\",\"popupCloseButton_position\":\"top-right\",\"popupCloseButton_backgroundColor\":\"#DDDDDD\",\"popupCloseButton_iconColor\":\"#000000\",\"popupCloseButton_borderRadius\":\"0px\",\"popupCloseButton_margin\":\"0px\",\"popupCloseButton_action\":{\"name\":\"close_popup\",\"attrs\":{\"onClick\":\"document.querySelector(\'.u-popup-container\').style.display = \'none\';\"}},\"language\":{},\"backgroundColor\":\"#F7F8F9\",\"preheaderText\":\"\",\"linkStyle\":{\"body\":true,\"linkColor\":\"#0000ee\",\"linkHoverColor\":\"#0000ee\",\"linkUnderline\":true,\"linkHoverUnderline\":true},\"backgroundImage\":{\"url\":\"\",\"fullWidth\":true,\"repeat\":\"no-repeat\",\"size\":\"custom\",\"position\":\"center\"},\"_meta\":{\"htmlID\":\"u_body\",\"htmlClassNames\":\"u_body\"}}},\"schemaVersion\":17}', 3);

COMMIT;